action,current_uses,line,notes,ref,resolved_sha,status,suggested_uses,workflow
actions/checkout,actions/checkout@3d3c42e5aac5ba805825da76410c181273ba90b1,27,Already pinned to a full SHA.,3d3c42e5aac5ba805825da76410c181273ba90b1,,skipped_sha,,.github/workflows/action-pin-maintenance.yml
prefix-dev/setup-pixi,prefix-dev/setup-pixi@f00437f565399d418b0acc85936d12c1fb668347,31,Already pinned to a full SHA.,f00437f565399d418b0acc85936d12c1fb668347,,skipped_sha,,.github/workflows/action-pin-maintenance.yml
actions/upload-artifact,actions/upload-artifact@043fb46d1a93c77aae656e7c1c64a875d1fc6a0a,79,Already pinned to a full SHA.,043fb46d1a93c77aae656e7c1c64a875d1fc6a0a,,skipped_sha,,.github/workflows/action-pin-maintenance.yml
actions/checkout,actions/checkout@3d3c42e5aac5ba805825da76410c181273ba90b1,17,Already pinned to a full SHA.,3d3c42e5aac5ba805825da76410c181273ba90b1,,skipped_sha,,.github/workflows/ci.yml
prefix-dev/setup-pixi,prefix-dev/setup-pixi@f00437f565399d418b0acc85936d12c1fb668347,21,Already pinned to a full SHA.,f00437f565399d418b0acc85936d12c1fb668347,,skipped_sha,,.github/workflows/ci.yml
actions/checkout,actions/checkout@3d3c42e5aac5ba805825da76410c181273ba90b1,60,Already pinned to a full SHA.,3d3c42e5aac5ba805825da76410c181273ba90b1,,skipped_sha,,.github/workflows/ci.yml
actions/setup-node,actions/setup-node@820762786026740c76f36085b0efc47a31fe5020,63,Already pinned to a full SHA.,820762786026740c76f36085b0efc47a31fe5020,,skipped_sha,,.github/workflows/ci.yml
actions/checkout,actions/checkout@3d3c42e5aac5ba805825da76410c181273ba90b1,85,Already pinned to a full SHA.,3d3c42e5aac5ba805825da76410c181273ba90b1,,skipped_sha,,.github/workflows/ci.yml
actions/setup-python,actions/setup-python@5fda3b95a4ea91299a34e894583c3862153e4b97,88,Already pinned to a full SHA.,5fda3b95a4ea91299a34e894583c3862153e4b97,,skipped_sha,,.github/workflows/ci.yml
astral-sh/setup-uv,astral-sh/setup-uv@ae62891fec2bb8e7d6c99fc78c9fec3a63790f8d,91,Already pinned to a full SHA.,ae62891fec2bb8e7d6c99fc78c9fec3a63790f8d,,skipped_sha,,.github/workflows/ci.yml
actions/checkout,actions/checkout@3d3c42e5aac5ba805825da76410c181273ba90b1,21,Already pinned to a full SHA.,3d3c42e5aac5ba805825da76410c181273ba90b1,,skipped_sha,,.github/workflows/dashboard-browser.yml
actions/setup-node,actions/setup-node@820762786026740c76f36085b0efc47a31fe5020,24,Already pinned to a full SHA.,820762786026740c76f36085b0efc47a31fe5020,,skipped_sha,,.github/workflows/dashboard-browser.yml
actions/upload-artifact,actions/upload-artifact@043fb46d1a93c77aae656e7c1c64a875d1fc6a0a,43,Already pinned to a full SHA.,043fb46d1a93c77aae656e7c1c64a875d1fc6a0a,,skipped_sha,,.github/workflows/dashboard-browser.yml
actions/checkout,actions/checkout@3d3c42e5aac5ba805825da76410c181273ba90b1,20,Already pinned to a full SHA.,3d3c42e5aac5ba805825da76410c181273ba90b1,,skipped_sha,,.github/workflows/dashboard-preview.yml
actions/setup-node,actions/setup-node@820762786026740c76f36085b0efc47a31fe5020,23,Already pinned to a full SHA.,820762786026740c76f36085b0efc47a31fe5020,,skipped_sha,,.github/workflows/dashboard-preview.yml
prefix-dev/setup-pixi,prefix-dev/setup-pixi@f00437f565399d418b0acc85936d12c1fb668347,28,Already pinned to a full SHA.,f00437f565399d418b0acc85936d12c1fb668347,,skipped_sha,,.github/workflows/dashboard-preview.yml
actions/checkout,actions/checkout@3d3c42e5aac5ba805825da76410c181273ba90b1,18,Already pinned to a full SHA.,3d3c42e5aac5ba805825da76410c181273ba90b1,,skipped_sha,,.github/workflows/data-smoke.yml
prefix-dev/setup-pixi,prefix-dev/setup-pixi@f00437f565399d418b0acc85936d12c1fb668347,21,Already pinned to a full SHA.,f00437f565399d418b0acc85936d12c1fb668347,,skipped_sha,,.github/workflows/data-smoke.yml
actions/checkout,actions/checkout@3d3c42e5aac5ba805825da76410c181273ba90b1,23,Already pinned to a full SHA.,3d3c42e5aac5ba805825da76410c181273ba90b1,,skipped_sha,,.github/workflows/github-security-settings.yml
astral-sh/setup-uv,astral-sh/setup-uv@ae62891fec2bb8e7d6c99fc78c9fec3a63790f8d,26,Already pinned to a full SHA.,ae62891fec2bb8e7d6c99fc78c9fec3a63790f8d,,skipped_sha,,.github/workflows/github-security-settings.yml
actions/upload-artifact,actions/upload-artifact@043fb46d1a93c77aae656e7c1c64a875d1fc6a0a,34,Already pinned to a full SHA.,043fb46d1a93c77aae656e7c1c64a875d1fc6a0a,,skipped_sha,,.github/workflows/github-security-settings.yml
actions/checkout,actions/checkout@3d3c42e5aac5ba805825da76410c181273ba90b1,31,Already pinned to a full SHA.,3d3c42e5aac5ba805825da76410c181273ba90b1,,skipped_sha,,.github/workflows/harness-assurance.yml
prefix-dev/setup-pixi,prefix-dev/setup-pixi@f00437f565399d418b0acc85936d12c1fb668347,35,Already pinned to a full SHA.,f00437f565399d418b0acc85936d12c1fb668347,,skipped_sha,,.github/workflows/harness-assurance.yml
actions/checkout,actions/checkout@3d3c42e5aac5ba805825da76410c181273ba90b1,45,Already pinned to a full SHA.,3d3c42e5aac5ba805825da76410c181273ba90b1,,skipped_sha,,.github/workflows/harness-assurance.yml
prefix-dev/setup-pixi,prefix-dev/setup-pixi@f00437f565399d418b0acc85936d12c1fb668347,49,Already pinned to a full SHA.,f00437f565399d418b0acc85936d12c1fb668347,,skipped_sha,,.github/workflows/harness-assurance.yml
actions/upload-artifact,actions/upload-artifact@043fb46d1a93c77aae656e7c1c64a875d1fc6a0a,110,Already pinned to a full SHA.,043fb46d1a93c77aae656e7c1c64a875d1fc6a0a,,skipped_sha,,.github/workflows/harness-assurance.yml
actions/checkout,actions/checkout@3d3c42e5aac5ba805825da76410c181273ba90b1,27,Already pinned to a full SHA.,3d3c42e5aac5ba805825da76410c181273ba90b1,,skipped_sha,,.github/workflows/historical-source-inventory.yml
prefix-dev/setup-pixi,prefix-dev/setup-pixi@f00437f565399d418b0acc85936d12c1fb668347,31,Already pinned to a full SHA.,f00437f565399d418b0acc85936d12c1fb668347,,skipped_sha,,.github/workflows/historical-source-inventory.yml
actions/checkout,actions/checkout@3d3c42e5aac5ba805825da76410c181273ba90b1,25,Already pinned to a full SHA.,3d3c42e5aac5ba805825da76410c181273ba90b1,,skipped_sha,,.github/workflows/huggingface-destination.yml
actions/upload-artifact,actions/upload-artifact@043fb46d1a93c77aae656e7c1c64a875d1fc6a0a,35,Already pinned to a full SHA.,043fb46d1a93c77aae656e7c1c64a875d1fc6a0a,,skipped_sha,,.github/workflows/huggingface-destination.yml
actions/checkout,actions/checkout@3d3c42e5aac5ba805825da76410c181273ba90b1,26,Already pinned to a full SHA.,3d3c42e5aac5ba805825da76410c181273ba90b1,,skipped_sha,,.github/workflows/huggingface.yml
astral-sh/setup-uv,astral-sh/setup-uv@ae62891fec2bb8e7d6c99fc78c9fec3a63790f8d,29,Already pinned to a full SHA.,ae62891fec2bb8e7d6c99fc78c9fec3a63790f8d,,skipped_sha,,.github/workflows/huggingface.yml
actions/setup-node,actions/setup-node@820762786026740c76f36085b0efc47a31fe5020,32,Already pinned to a full SHA.,820762786026740c76f36085b0efc47a31fe5020,,skipped_sha,,.github/workflows/huggingface.yml
actions/upload-artifact,actions/upload-artifact@043fb46d1a93c77aae656e7c1c64a875d1fc6a0a,53,Already pinned to a full SHA.,043fb46d1a93c77aae656e7c1c64a875d1fc6a0a,,skipped_sha,,.github/workflows/huggingface.yml
actions/checkout,actions/checkout@3d3c42e5aac5ba805825da76410c181273ba90b1,68,Already pinned to a full SHA.,3d3c42e5aac5ba805825da76410c181273ba90b1,,skipped_sha,,.github/workflows/huggingface.yml
astral-sh/setup-uv,astral-sh/setup-uv@ae62891fec2bb8e7d6c99fc78c9fec3a63790f8d,71,Already pinned to a full SHA.,ae62891fec2bb8e7d6c99fc78c9fec3a63790f8d,,skipped_sha,,.github/workflows/huggingface.yml
actions/checkout,actions/checkout@3d3c42e5aac5ba805825da76410c181273ba90b1,125,Already pinned to a full SHA.,3d3c42e5aac5ba805825da76410c181273ba90b1,,skipped_sha,,.github/workflows/huggingface.yml
astral-sh/setup-uv,astral-sh/setup-uv@ae62891fec2bb8e7d6c99fc78c9fec3a63790f8d,128,Already pinned to a full SHA.,ae62891fec2bb8e7d6c99fc78c9fec3a63790f8d,,skipped_sha,,.github/workflows/huggingface.yml
actions/setup-node,actions/setup-node@820762786026740c76f36085b0efc47a31fe5020,131,Already pinned to a full SHA.,820762786026740c76f36085b0efc47a31fe5020,,skipped_sha,,.github/workflows/huggingface.yml
actions/checkout,actions/checkout@3d3c42e5aac5ba805825da76410c181273ba90b1,20,Already pinned to a full SHA.,3d3c42e5aac5ba805825da76410c181273ba90b1,,skipped_sha,,.github/workflows/mutation-nightly.yml
prefix-dev/setup-pixi,prefix-dev/setup-pixi@f00437f565399d418b0acc85936d12c1fb668347,23,Already pinned to a full SHA.,f00437f565399d418b0acc85936d12c1fb668347,,skipped_sha,,.github/workflows/mutation-nightly.yml
actions/checkout,actions/checkout@3d3c42e5aac5ba805825da76410c181273ba90b1,23,Already pinned to a full SHA.,3d3c42e5aac5ba805825da76410c181273ba90b1,,skipped_sha,,.github/workflows/pages.yml
astral-sh/setup-uv,astral-sh/setup-uv@ae62891fec2bb8e7d6c99fc78c9fec3a63790f8d,26,Already pinned to a full SHA.,ae62891fec2bb8e7d6c99fc78c9fec3a63790f8d,,skipped_sha,,.github/workflows/pages.yml
actions/setup-node,actions/setup-node@820762786026740c76f36085b0efc47a31fe5020,29,Already pinned to a full SHA.,820762786026740c76f36085b0efc47a31fe5020,,skipped_sha,,.github/workflows/pages.yml
actions/configure-pages,actions/configure-pages@45bfe0192ca1faeb007ade9deae92b16b8254a0d,33,Already pinned to a full SHA.,45bfe0192ca1faeb007ade9deae92b16b8254a0d,,skipped_sha,,.github/workflows/pages.yml
actions/upload-artifact,actions/upload-artifact@043fb46d1a93c77aae656e7c1c64a875d1fc6a0a,54,Already pinned to a full SHA.,043fb46d1a93c77aae656e7c1c64a875d1fc6a0a,,skipped_sha,,.github/workflows/pages.yml
actions/upload-pages-artifact,actions/upload-pages-artifact@fc324d3547104276b827a68afc52ff2a11cc49c9,69,Already pinned to a full SHA.,fc324d3547104276b827a68afc52ff2a11cc49c9,,skipped_sha,,.github/workflows/pages.yml
actions/deploy-pages,actions/deploy-pages@cd2ce8fcbc39b97be8ca5fce6e763baed58fa128,84,Already pinned to a full SHA.,cd2ce8fcbc39b97be8ca5fce6e763baed58fa128,,skipped_sha,,.github/workflows/pages.yml
actions/checkout,actions/checkout@3d3c42e5aac5ba805825da76410c181273ba90b1,92,Already pinned to a full SHA.,3d3c42e5aac5ba805825da76410c181273ba90b1,,skipped_sha,,.github/workflows/pages.yml
actions/setup-python,actions/setup-python@5fda3b95a4ea91299a34e894583c3862153e4b97,95,Already pinned to a full SHA.,5fda3b95a4ea91299a34e894583c3862153e4b97,,skipped_sha,,.github/workflows/pages.yml
actions/checkout,actions/checkout@3d3c42e5aac5ba805825da76410c181273ba90b1,18,Already pinned to a full SHA.,3d3c42e5aac5ba805825da76410c181273ba90b1,,skipped_sha,,.github/workflows/release-readiness.yml
astral-sh/setup-uv,astral-sh/setup-uv@ae62891fec2bb8e7d6c99fc78c9fec3a63790f8d,22,Already pinned to a full SHA.,ae62891fec2bb8e7d6c99fc78c9fec3a63790f8d,,skipped_sha,,.github/workflows/release-readiness.yml
actions/setup-node,actions/setup-node@820762786026740c76f36085b0efc47a31fe5020,23,Already pinned to a full SHA.,820762786026740c76f36085b0efc47a31fe5020,,skipped_sha,,.github/workflows/release-readiness.yml
actions/upload-artifact,actions/upload-artifact@043fb46d1a93c77aae656e7c1c64a875d1fc6a0a,43,Already pinned to a full SHA.,043fb46d1a93c77aae656e7c1c64a875d1fc6a0a,,skipped_sha,,.github/workflows/release-readiness.yml
actions/checkout,actions/checkout@3d3c42e5aac5ba805825da76410c181273ba90b1,25,Already pinned to a full SHA.,3d3c42e5aac5ba805825da76410c181273ba90b1,,skipped_sha,,.github/workflows/release.yml
prefix-dev/setup-pixi,prefix-dev/setup-pixi@f00437f565399d418b0acc85936d12c1fb668347,31,Already pinned to a full SHA.,f00437f565399d418b0acc85936d12c1fb668347,,skipped_sha,,.github/workflows/release.yml
actions/checkout,actions/checkout@3d3c42e5aac5ba805825da76410c181273ba90b1,58,Already pinned to a full SHA.,3d3c42e5aac5ba805825da76410c181273ba90b1,,skipped_sha,,.github/workflows/release.yml
prefix-dev/setup-pixi,prefix-dev/setup-pixi@f00437f565399d418b0acc85936d12c1fb668347,62,Already pinned to a full SHA.,f00437f565399d418b0acc85936d12c1fb668347,,skipped_sha,,.github/workflows/release.yml
actions/attest,actions/attest@1e69f48acb82d1966a394da916b4c1698aa569d6,91,Already pinned to a full SHA.,1e69f48acb82d1966a394da916b4c1698aa569d6,,skipped_sha,,.github/workflows/release.yml
actions/attest,actions/attest@1e69f48acb82d1966a394da916b4c1698aa569d6,97,Already pinned to a full SHA.,1e69f48acb82d1966a394da916b4c1698aa569d6,,skipped_sha,,.github/workflows/release.yml
actions/attest,actions/attest@1e69f48acb82d1966a394da916b4c1698aa569d6,101,Already pinned to a full SHA.,1e69f48acb82d1966a394da916b4c1698aa569d6,,skipped_sha,,.github/workflows/release.yml
actions/attest,actions/attest@1e69f48acb82d1966a394da916b4c1698aa569d6,105,Already pinned to a full SHA.,1e69f48acb82d1966a394da916b4c1698aa569d6,,skipped_sha,,.github/workflows/release.yml
softprops/action-gh-release,softprops/action-gh-release@3d0d9888cb7fd7b750713d6e236d1fcb99157228,124,Already pinned to a full SHA.,3d0d9888cb7fd7b750713d6e236d1fcb99157228,,skipped_sha,,.github/workflows/release.yml
actions/checkout,actions/checkout@3d3c42e5aac5ba805825da76410c181273ba90b1,18,Already pinned to a full SHA.,3d3c42e5aac5ba805825da76410c181273ba90b1,,skipped_sha,,.github/workflows/repo-automation.yml
prefix-dev/setup-pixi,prefix-dev/setup-pixi@f00437f565399d418b0acc85936d12c1fb668347,21,Already pinned to a full SHA.,f00437f565399d418b0acc85936d12c1fb668347,,skipped_sha,,.github/workflows/repo-automation.yml
actions/upload-artifact,actions/upload-artifact@043fb46d1a93c77aae656e7c1c64a875d1fc6a0a,82,Already pinned to a full SHA.,043fb46d1a93c77aae656e7c1c64a875d1fc6a0a,,skipped_sha,,.github/workflows/repo-automation.yml
actions/checkout,actions/checkout@3d3c42e5aac5ba805825da76410c181273ba90b1,22,Already pinned to a full SHA.,3d3c42e5aac5ba805825da76410c181273ba90b1,,skipped_sha,,.github/workflows/scorecard.yml
ossf/scorecard-action,ossf/scorecard-action@2d1146689b8cda280b9bc96326124645441f03bc,26,Already pinned to a full SHA.,2d1146689b8cda280b9bc96326124645441f03bc,,skipped_sha,,.github/workflows/scorecard.yml
github/codeql-action/upload-sarif,github/codeql-action/upload-sarif@ff2f1c621b7f889edc0d3c761ac2e6a3f8cdb0dd,32,Already pinned to a full SHA.,ff2f1c621b7f889edc0d3c761ac2e6a3f8cdb0dd,,skipped_sha,,.github/workflows/scorecard.yml
actions/checkout,actions/checkout@3d3c42e5aac5ba805825da76410c181273ba90b1,23,Already pinned to a full SHA.,3d3c42e5aac5ba805825da76410c181273ba90b1,,skipped_sha,,.github/workflows/security-assurance.yml
rhysd/actionlint,rhysd/actionlint@914e7df21a07ef503a81201c76d2b11c789d3fca,26,Already pinned to a full SHA.,914e7df21a07ef503a81201c76d2b11c789d3fca,,skipped_sha,,.github/workflows/security-assurance.yml
actions/checkout,actions/checkout@3d3c42e5aac5ba805825da76410c181273ba90b1,32,Already pinned to a full SHA.,3d3c42e5aac5ba805825da76410c181273ba90b1,,skipped_sha,,.github/workflows/security-assurance.yml
actions/checkout,actions/checkout@3d3c42e5aac5ba805825da76410c181273ba90b1,58,Already pinned to a full SHA.,3d3c42e5aac5ba805825da76410c181273ba90b1,,skipped_sha,,.github/workflows/security-assurance.yml
astral-sh/setup-uv,astral-sh/setup-uv@ae62891fec2bb8e7d6c99fc78c9fec3a63790f8d,61,Already pinned to a full SHA.,ae62891fec2bb8e7d6c99fc78c9fec3a63790f8d,,skipped_sha,,.github/workflows/security-assurance.yml
actions/upload-artifact,actions/upload-artifact@043fb46d1a93c77aae656e7c1c64a875d1fc6a0a,76,Already pinned to a full SHA.,043fb46d1a93c77aae656e7c1c64a875d1fc6a0a,,skipped_sha,,.github/workflows/security-assurance.yml
actions/checkout,actions/checkout@3d3c42e5aac5ba805825da76410c181273ba90b1,20,Already pinned to a full SHA.,3d3c42e5aac5ba805825da76410c181273ba90b1,,skipped_sha,,.github/workflows/security.yml
github/codeql-action/init,github/codeql-action/init@ff2f1c621b7f889edc0d3c761ac2e6a3f8cdb0dd,23,Already pinned to a full SHA.,ff2f1c621b7f889edc0d3c761ac2e6a3f8cdb0dd,,skipped_sha,,.github/workflows/security.yml
github/codeql-action/analyze,github/codeql-action/analyze@ff2f1c621b7f889edc0d3c761ac2e6a3f8cdb0dd,27,Already pinned to a full SHA.,ff2f1c621b7f889edc0d3c761ac2e6a3f8cdb0dd,,skipped_sha,,.github/workflows/security.yml
actions/checkout,actions/checkout@3d3c42e5aac5ba805825da76410c181273ba90b1,36,Already pinned to a full SHA.,3d3c42e5aac5ba805825da76410c181273ba90b1,,skipped_sha,,.github/workflows/security.yml
actions/dependency-review-action,actions/dependency-review-action@a1d282b36b6f3519aa1f3fc636f609c47dddb294,39,Already pinned to a full SHA.,a1d282b36b6f3519aa1f3fc636f609c47dddb294,,skipped_sha,,.github/workflows/security.yml
actions/checkout,actions/checkout@3d3c42e5aac5ba805825da76410c181273ba90b1,46,Already pinned to a full SHA.,3d3c42e5aac5ba805825da76410c181273ba90b1,,skipped_sha,,.github/workflows/security.yml
prefix-dev/setup-pixi,prefix-dev/setup-pixi@f00437f565399d418b0acc85936d12c1fb668347,49,Already pinned to a full SHA.,f00437f565399d418b0acc85936d12c1fb668347,,skipped_sha,,.github/workflows/security.yml
actions/checkout,actions/checkout@3d3c42e5aac5ba805825da76410c181273ba90b1,61,Already pinned to a full SHA.,3d3c42e5aac5ba805825da76410c181273ba90b1,,skipped_sha,,.github/workflows/security.yml
actions/setup-node,actions/setup-node@820762786026740c76f36085b0efc47a31fe5020,64,Already pinned to a full SHA.,820762786026740c76f36085b0efc47a31fe5020,,skipped_sha,,.github/workflows/security.yml
actions/checkout,actions/checkout@3d3c42e5aac5ba805825da76410c181273ba90b1,26,Already pinned to a full SHA.,3d3c42e5aac5ba805825da76410c181273ba90b1,,skipped_sha,,.github/workflows/source-health.yml
prefix-dev/setup-pixi,prefix-dev/setup-pixi@f00437f565399d418b0acc85936d12c1fb668347,29,Already pinned to a full SHA.,f00437f565399d418b0acc85936d12c1fb668347,,skipped_sha,,.github/workflows/source-health.yml
actions/upload-artifact,actions/upload-artifact@043fb46d1a93c77aae656e7c1c64a875d1fc6a0a,145,Already pinned to a full SHA.,043fb46d1a93c77aae656e7c1c64a875d1fc6a0a,,skipped_sha,,.github/workflows/source-health.yml
actions/checkout,actions/checkout@3d3c42e5aac5ba805825da76410c181273ba90b1,16,Already pinned to a full SHA.,3d3c42e5aac5ba805825da76410c181273ba90b1,,skipped_sha,,.github/workflows/stack-canary.yml
actions/setup-python,actions/setup-python@5fda3b95a4ea91299a34e894583c3862153e4b97,19,Already pinned to a full SHA.,5fda3b95a4ea91299a34e894583c3862153e4b97,,skipped_sha,,.github/workflows/stack-canary.yml
astral-sh/setup-uv,astral-sh/setup-uv@ae62891fec2bb8e7d6c99fc78c9fec3a63790f8d,22,Already pinned to a full SHA.,ae62891fec2bb8e7d6c99fc78c9fec3a63790f8d,,skipped_sha,,.github/workflows/stack-canary.yml
prefix-dev/setup-pixi,prefix-dev/setup-pixi@f00437f565399d418b0acc85936d12c1fb668347,23,Already pinned to a full SHA.,f00437f565399d418b0acc85936d12c1fb668347,,skipped_sha,,.github/workflows/stack-canary.yml
actions/setup-node,actions/setup-node@820762786026740c76f36085b0efc47a31fe5020,24,Already pinned to a full SHA.,820762786026740c76f36085b0efc47a31fe5020,,skipped_sha,,.github/workflows/stack-canary.yml
actions/upload-artifact,actions/upload-artifact@043fb46d1a93c77aae656e7c1c64a875d1fc6a0a,69,Already pinned to a full SHA.,043fb46d1a93c77aae656e7c1c64a875d1fc6a0a,,skipped_sha,,.github/workflows/stack-canary.yml
actions/checkout,actions/checkout@3d3c42e5aac5ba805825da76410c181273ba90b1,23,Already pinned to a full SHA.,3d3c42e5aac5ba805825da76410c181273ba90b1,,skipped_sha,,.github/workflows/typescript-compatibility.yml
actions/setup-node,actions/setup-node@820762786026740c76f36085b0efc47a31fe5020,26,Already pinned to a full SHA.,820762786026740c76f36085b0efc47a31fe5020,,skipped_sha,,.github/workflows/typescript-compatibility.yml
prefix-dev/setup-pixi,prefix-dev/setup-pixi@f00437f565399d418b0acc85936d12c1fb668347,31,Already pinned to a full SHA.,f00437f565399d418b0acc85936d12c1fb668347,,skipped_sha,,.github/workflows/typescript-compatibility.yml
actions/upload-artifact,actions/upload-artifact@043fb46d1a93c77aae656e7c1c64a875d1fc6a0a,35,Already pinned to a full SHA.,043fb46d1a93c77aae656e7c1c64a875d1fc6a0a,,skipped_sha,,.github/workflows/typescript-compatibility.yml
actions/checkout,actions/checkout@3d3c42e5aac5ba805825da76410c181273ba90b1,16,Already pinned to a full SHA.,3d3c42e5aac5ba805825da76410c181273ba90b1,,skipped_sha,,.github/workflows/uv-quality.yml
astral-sh/setup-uv,astral-sh/setup-uv@ae62891fec2bb8e7d6c99fc78c9fec3a63790f8d,20,Already pinned to a full SHA.,ae62891fec2bb8e7d6c99fc78c9fec3a63790f8d,,skipped_sha,,.github/workflows/uv-quality.yml
actions/setup-node,actions/setup-node@820762786026740c76f36085b0efc47a31fe5020,21,Already pinned to a full SHA.,820762786026740c76f36085b0efc47a31fe5020,,skipped_sha,,.github/workflows/uv-quality.yml
actions/upload-artifact,actions/upload-artifact@043fb46d1a93c77aae656e7c1c64a875d1fc6a0a,30,Already pinned to a full SHA.,043fb46d1a93c77aae656e7c1c64a875d1fc6a0a,,skipped_sha,,.github/workflows/uv-quality.yml
actions/checkout,actions/checkout@3d3c42e5aac5ba805825da76410c181273ba90b1,29,Already pinned to a full SHA.,3d3c42e5aac5ba805825da76410c181273ba90b1,,skipped_sha,,.github/workflows/workflow-security.yml
prefix-dev/setup-pixi,prefix-dev/setup-pixi@f00437f565399d418b0acc85936d12c1fb668347,32,Already pinned to a full SHA.,f00437f565399d418b0acc85936d12c1fb668347,,skipped_sha,,.github/workflows/workflow-security.yml
actions/upload-artifact,actions/upload-artifact@043fb46d1a93c77aae656e7c1c64a875d1fc6a0a,40,Already pinned to a full SHA.,043fb46d1a93c77aae656e7c1c64a875d1fc6a0a,,skipped_sha,,.github/workflows/workflow-security.yml
actions/checkout,actions/checkout@3d3c42e5aac5ba805825da76410c181273ba90b1,53,Already pinned to a full SHA.,3d3c42e5aac5ba805825da76410c181273ba90b1,,skipped_sha,,.github/workflows/workflow-security.yml
astral-sh/setup-uv,astral-sh/setup-uv@ae62891fec2bb8e7d6c99fc78c9fec3a63790f8d,56,Already pinned to a full SHA.,ae62891fec2bb8e7d6c99fc78c9fec3a63790f8d,,skipped_sha,,.github/workflows/workflow-security.yml
github/codeql-action/upload-sarif,github/codeql-action/upload-sarif@ff2f1c621b7f889edc0d3c761ac2e6a3f8cdb0dd,62,Already pinned to a full SHA.,ff2f1c621b7f889edc0d3c761ac2e6a3f8cdb0dd,,skipped_sha,,.github/workflows/workflow-security.yml
actions/checkout,actions/checkout@3d3c42e5aac5ba805825da76410c181273ba90b1,40,Already pinned to a full SHA.,3d3c42e5aac5ba805825da76410c181273ba90b1,,skipped_sha,,.github/workflows/zenodo-preflight.yml
prefix-dev/setup-pixi,prefix-dev/setup-pixi@f00437f565399d418b0acc85936d12c1fb668347,43,Already pinned to a full SHA.,f00437f565399d418b0acc85936d12c1fb668347,,skipped_sha,,.github/workflows/zenodo-preflight.yml
actions/upload-artifact,actions/upload-artifact@043fb46d1a93c77aae656e7c1c64a875d1fc6a0a,55,Already pinned to a full SHA.,043fb46d1a93c77aae656e7c1c64a875d1fc6a0a,,skipped_sha,,.github/workflows/zenodo-preflight.yml
actions/checkout,actions/checkout@3d3c42e5aac5ba805825da76410c181273ba90b1,70,Already pinned to a full SHA.,3d3c42e5aac5ba805825da76410c181273ba90b1,,skipped_sha,,.github/workflows/zenodo-preflight.yml
prefix-dev/setup-pixi,prefix-dev/setup-pixi@f00437f565399d418b0acc85936d12c1fb668347,74,Already pinned to a full SHA.,f00437f565399d418b0acc85936d12c1fb668347,,skipped_sha,,.github/workflows/zenodo-preflight.yml
actions/upload-artifact,actions/upload-artifact@043fb46d1a93c77aae656e7c1c64a875d1fc6a0a,161,Already pinned to a full SHA.,043fb46d1a93c77aae656e7c1c64a875d1fc6a0a,,skipped_sha,,.github/workflows/zenodo-preflight.yml
