acquisition_status,authoritative_locator,credential_state,expected_media_types,indexed_at,notes,rights_state,source_id,source_version_id
not_attempted,https://www.aihw.gov.au/reports/health-welfare-expenditure/medicare-and-pbs-statistics,none,"[""CSV"", ""XLSX"", ""HTML""]",1970-01-01T00:00:00Z,B0 catalogue identity; presence does not imply acquisition or coverage.,public_reuse_review,au_aihw_mbs_pbs_stats,catalog_au_aihw_mbs_pbs_stats
not_attempted,https://www.ihacpa.gov.au/,none,"[""PDF"", ""XLSX""]",1970-01-01T00:00:00Z,B0 catalogue identity; presence does not imply acquisition or coverage.,public_reuse_review,au_ihacpa_nep,catalog_au_ihacpa_nep
acquired,https://www.mbsonline.gov.au/internet/mbsonline/publishing.nsf/Content/downloads,none,"[""XML"", ""CSV"", ""HTML""]",1970-01-01T00:00:00Z,B0 catalogue identity; presence does not imply acquisition or coverage.,public_reuse_review,au_mbs,catalog_au_mbs
not_attempted,https://www.msac.gov.au/,none,"[""HTML"", ""PDF""]",1970-01-01T00:00:00Z,B0 catalogue identity; presence does not imply acquisition or coverage.,public_reuse_review,au_msac,catalog_au_msac
not_attempted,https://www.pbs.gov.au/info/industry/listing/elements/pbac-meetings/psd,none,"[""HTML"", ""PDF""]",1970-01-01T00:00:00Z,B0 catalogue identity; presence does not imply acquisition or coverage.,public_reuse_review,au_pbac,catalog_au_pbac
not_attempted,https://data.pbs.gov.au/api/pbs-api.html,required,"[""API"", ""CSV""]",1970-01-01T00:00:00Z,B0 catalogue identity; presence does not imply acquisition or coverage.,public_reuse_review,au_pbs,catalog_au_pbs
not_attempted,https://www.inami.fgov.be/,none,"[""Web"", ""CSV-like exports""]",1970-01-01T00:00:00Z,B0 catalogue identity; presence does not imply acquisition or coverage.,public_reuse_review,be_inami,catalog_be_inami
not_attempted,http://sigtap.datasus.gov.br/,none,"[""DAT"", ""CSV"", ""HTML""]",1970-01-01T00:00:00Z,B0 catalogue identity; presence does not imply acquisition or coverage.,public_reuse_review,br_sigtap,catalog_br_sigtap
not_attempted,https://www.alberta.ca/medical-price-list,none,"[""PDF""]",1970-01-01T00:00:00Z,B0 catalogue identity; presence does not imply acquisition or coverage.,public_reuse_review,ca_ab_somb,catalog_ca_ab_somb
not_attempted,https://www2.gov.bc.ca/gov/content/health/practitioner-professional-resources/msp,none,"[""PDF"", ""HTML""]",1970-01-01T00:00:00Z,B0 catalogue identity; presence does not imply acquisition or coverage.,public_reuse_review,ca_bc_msp,catalog_ca_bc_msp
not_attempted,https://www.cihi.ca/en/case-mix,none,"[""PDF"", ""XLSX""]",1970-01-01T00:00:00Z,B0 catalogue identity; presence does not imply acquisition or coverage.,public_reuse_review,ca_ciihi_cmg,catalog_ca_ciihi_cmg
not_attempted,https://www.ontario.ca/page/ohip-schedule-benefits-and-fees,none,"[""PDF""]",1970-01-01T00:00:00Z,B0 catalogue identity; presence does not imply acquisition or coverage.,public_reuse_review,ca_on_ohip,catalog_ca_on_ohip
not_attempted,https://www.ramq.gouv.qc.ca/,none,"[""PDF"", ""HTML""]",1970-01-01T00:00:00Z,B0 catalogue identity; presence does not imply acquisition or coverage.,public_reuse_review,ca_qc_ramq,catalog_ca_qc_ramq
not_attempted,https://www.spezialitaetenliste.ch/,none,"[""Web"", ""CSV-like""]",1970-01-01T00:00:00Z,B0 catalogue identity; presence does not imply acquisition or coverage.,public_reuse_review,ch_specialities_list,catalog_ch_specialities_list
not_attempted,https://www.swissdrg.org/,none,"[""XLSX"", ""PDF""]",1970-01-01T00:00:00Z,B0 catalogue identity; presence does not imply acquisition or coverage.,public_reuse_review,ch_swissdrg,catalog_ch_swissdrg
not_attempted,https://www.fmh.ch/,none,"[""PDF"", ""XML varies""]",1970-01-01T00:00:00Z,B0 catalogue identity; presence does not imply acquisition or coverage.,public_reuse_review,ch_tarmed_tardoc,catalog_ch_tarmed_tardoc
not_attempted,https://www.kbv.de/html/ebm.php,none,"[""HTML"", ""PDF"", ""ZIP""]",1970-01-01T00:00:00Z,B0 catalogue identity; presence does not imply acquisition or coverage.,public_reuse_review,de_ebm,catalog_de_ebm
not_attempted,https://www.g-drg.de/,none,"[""XLSX"", ""PDF""]",1970-01-01T00:00:00Z,B0 catalogue identity; presence does not imply acquisition or coverage.,public_reuse_review,de_gdrg,catalog_de_gdrg
not_attempted,https://sundhedsdatastyrelsen.dk/,none,"[""XLSX"", ""PDF""]",1970-01-01T00:00:00Z,B0 catalogue identity; presence does not imply acquisition or coverage.,public_reuse_review,dk_drg,catalog_dk_drg
not_attempted,https://www.sanidad.gob.es/profesionales/medicamentos.do,none,"[""HTML"", ""search""]",1970-01-01T00:00:00Z,B0 catalogue identity; presence does not imply acquisition or coverage.,public_reuse_review,es_bifimed,catalog_es_bifimed
not_attempted,https://www.kela.fi/medicine-expenses,none,"[""HTML"", ""CSV"", ""API""]",1970-01-01T00:00:00Z,B0 catalogue identity; presence does not imply acquisition or coverage.,public_reuse_review,fi_kela_reimbursements,catalog_fi_kela_reimbursements
not_attempted,https://www.ameli.fr/,none,"[""HTML"", ""CSV"", ""XML varies""]",1970-01-01T00:00:00Z,B0 catalogue identity; presence does not imply acquisition or coverage.,public_reuse_review,fr_ccam,catalog_fr_ccam
not_attempted,https://www.has-sante.fr/,none,"[""HTML"", ""PDF""]",1970-01-01T00:00:00Z,B0 catalogue identity; presence does not imply acquisition or coverage.,public_reuse_review,fr_haspub,catalog_fr_haspub
not_attempted,https://www.ameli.fr/,none,"[""CSV"", ""HTML""]",1970-01-01T00:00:00Z,B0 catalogue identity; presence does not imply acquisition or coverage.,public_reuse_review,fr_lpp,catalog_fr_lpp
not_attempted,https://hpo.jax.org/,none,"[""OBO Graph JSON""]",1970-01-01T00:00:00Z,B0 catalogue identity; presence does not imply acquisition or coverage.,public_reuse_review,hpo,catalog_hpo
not_attempted,https://www.sspcrs.ie/,none,"[""XLSX"", ""PDF"", ""HTML""]",1970-01-01T00:00:00Z,B0 catalogue identity; presence does not imply acquisition or coverage.,public_reuse_review,ie_hse_reimbursement,catalog_ie_hse_reimbursement
not_attempted,https://nha.gov.in/PM-JAY,none,"[""PDF"", ""XLSX"", ""HTML""]",1970-01-01T00:00:00Z,B0 catalogue identity; presence does not imply acquisition or coverage.,public_reuse_review,in_abpmjay_hbp,catalog_in_abpmjay_hbp
not_attempted,https://www.gov.il/en/departments/ministry_of_health,none,"[""HTML"", ""PDF""]",1970-01-01T00:00:00Z,B0 catalogue identity; presence does not imply acquisition or coverage.,public_reuse_review,is_hta_catalogue,catalog_is_hta_catalogue
not_attempted,https://www.aifa.gov.it/,none,"[""HTML"", ""CSV"", ""PDF""]",1970-01-01T00:00:00Z,B0 catalogue identity; presence does not imply acquisition or coverage.,public_reuse_review,it_aifa_reimbursement,catalog_it_aifa_reimbursement
not_attempted,https://www.mhlw.go.jp/,none,"[""PDF"", ""XLSX""]",1970-01-01T00:00:00Z,B0 catalogue identity; presence does not imply acquisition or coverage.,public_reuse_review,jp_mhlw_fee,catalog_jp_mhlw_fee
not_attempted,https://www.mhlw.go.jp/,none,"[""PDF"", ""XLSX""]",1970-01-01T00:00:00Z,B0 catalogue identity; presence does not imply acquisition or coverage.,public_reuse_review,jp_nhi_drug_prices,catalog_jp_nhi_drug_prices
not_attempted,https://www.hira.or.kr/,none,"[""Portal"", ""API"", ""PDF varies""]",1970-01-01T00:00:00Z,B0 catalogue identity; presence does not imply acquisition or coverage.,public_reuse_review,kr_hira,catalog_kr_hira
not_attempted,https://www.imss.gob.mx/,none,"[""PDF"", ""HTML""]",1970-01-01T00:00:00Z,B0 catalogue identity; presence does not imply acquisition or coverage.,public_reuse_review,mx_imss_costs,catalog_mx_imss_costs
not_attempted,https://www.nza.nl/,none,"[""XLSX"", ""CSV"", ""PDF""]",1970-01-01T00:00:00Z,B0 catalogue identity; presence does not imply acquisition or coverage.,public_reuse_review,nl_nza_dbc,catalog_nl_nza_dbc
not_attempted,https://www.helsedirektoratet.no/tilskudd-og-finansiering/finansiering/takster,none,"[""PDF"", ""Excel""]",1970-01-01T00:00:00Z,B0 catalogue identity; presence does not imply acquisition or coverage.,public_reuse_review,no_helfo_tariffs,catalog_no_helfo_tariffs
not_attempted,https://pharmac.govt.nz/pharmaceutical-schedule,none,"[""HTML"", ""CSV"", ""API-like downloads""]",1970-01-01T00:00:00Z,B0 catalogue identity; presence does not imply acquisition or coverage.,public_reuse_review,nz_pharmac,catalog_nz_pharmac
not_attempted,https://www.oecd.org/health/health-data.htm,none,"[""API"", ""CSV""]",1970-01-01T00:00:00Z,B0 catalogue identity; presence does not imply acquisition or coverage.,public_reuse_review,oecd_health_stats,catalog_oecd_health_stats
not_attempted,https://www.nlm.nih.gov/research/umls/rxnorm/docs/rxnormfiles.html,none,"[""RRF""]",1970-01-01T00:00:00Z,B0 catalogue identity; presence does not imply acquisition or coverage.,public_reuse_review,rxnorm,catalog_rxnorm
not_attempted,https://www.socialstyrelsen.se/,none,"[""XLSX"", ""PDF""]",1970-01-01T00:00:00Z,B0 catalogue identity; presence does not imply acquisition or coverage.,public_reuse_review,se_norddrg,catalog_se_norddrg
not_attempted,https://www.tlv.se/,none,"[""Web"", ""CSV-like""]",1970-01-01T00:00:00Z,B0 catalogue identity; presence does not imply acquisition or coverage.,public_reuse_review,se_tlv,catalog_se_tlv
not_attempted,https://www.moh.gov.sg/managing-expenses/bills-and-fee-benchmarks/hospital-bills-and-fee-benchmarks,none,"[""Web"", ""CSV-like""]",1970-01-01T00:00:00Z,B0 catalogue identity; presence does not imply acquisition or coverage.,public_reuse_review,sg_fee_benchmarks,catalog_sg_fee_benchmarks
not_attempted,https://data.gov.tw/en/datasets/9405,none,"[""Open data CSV""]",1970-01-01T00:00:00Z,B0 catalogue identity; presence does not imply acquisition or coverage.,public_reuse_review,tw_nhi_services,catalog_tw_nhi_services
not_attempted,https://www.england.nhs.uk/publication/national-genomic-test-directories/,none,"[""XLSX"", ""PDF""]",1970-01-01T00:00:00Z,B0 catalogue identity; presence does not imply acquisition or coverage.,public_reuse_review,uk_genomic_test_directory,catalog_uk_genomic_test_directory
not_attempted,https://www.nhsbsa.nhs.uk/pharmacies-gp-practices-and-appliance-contractors/drug-tariff,none,"[""PDF"", ""HTML"", ""XML fragments""]",1970-01-01T00:00:00Z,B0 catalogue identity; presence does not imply acquisition or coverage.,public_reuse_review,uk_nhs_drug_tariff,catalog_uk_nhs_drug_tariff
not_attempted,https://www.england.nhs.uk/pay-syst/nhs-payment-scheme/,none,"[""XLSX"", ""PDF""]",1970-01-01T00:00:00Z,B0 catalogue identity; presence does not imply acquisition or coverage.,public_reuse_review,uk_nhs_payment_scheme,catalog_uk_nhs_payment_scheme
not_attempted,https://www.england.nhs.uk/costing-in-the-nhs/national-cost-collection/,none,"[""CSV"", ""XLSX""]",1970-01-01T00:00:00Z,B0 catalogue identity; presence does not imply acquisition or coverage.,public_reuse_review,uk_nhs_reference_costs,catalog_uk_nhs_reference_costs
not_attempted,https://www.nice.org.uk/guidance,none,"[""HTML"", ""PDF"", ""API""]",1970-01-01T00:00:00Z,B0 catalogue identity; presence does not imply acquisition or coverage.,public_reuse_review,uk_nice_guidance,catalog_uk_nice_guidance
not_attempted,https://www.cms.gov/medicare/payment/prospective-payment-systems/ambulatory-surgical-center-asc,none,"[""ZIP"", ""CSV"", ""PDF""]",1970-01-01T00:00:00Z,B0 catalogue identity; presence does not imply acquisition or coverage.,public_reuse_review,us_cms_asc,catalog_us_cms_asc
not_attempted,https://www.cms.gov/medicare/payment/fee-for-service-providers/part-b-drugs/average-drug-sales-price,none,"[""ZIP"", ""CSV"", ""PDF""]",1970-01-01T00:00:00Z,B0 catalogue identity; presence does not imply acquisition or coverage.,public_reuse_review,us_cms_asp,catalog_us_cms_asp
not_attempted,https://www.cms.gov/medicare/payment/fee-schedules/clinical-laboratory-fee-schedule-clfs,none,"[""ZIP"", ""CSV""]",1970-01-01T00:00:00Z,B0 catalogue identity; presence does not imply acquisition or coverage.,metadata_only,us_cms_clfs,catalog_us_cms_clfs
not_attempted,https://www.cms.gov/medicare/payment/fee-schedules/dmepos,none,"[""ZIP"", ""CSV"", ""PDF""]",1970-01-01T00:00:00Z,B0 catalogue identity; presence does not imply acquisition or coverage.,public_reuse_review,us_cms_dmepos,catalog_us_cms_dmepos
not_attempted,https://www.cms.gov/medicare/coding-billing/healthcare-common-procedure-system/quarterly-update,none,"[""ZIP"", ""TXT"", ""XLSX""]",1970-01-01T00:00:00Z,B0 catalogue identity; presence does not imply acquisition or coverage.,public_reuse_review,us_cms_hcpcs_level_ii,catalog_us_cms_hcpcs_level_ii
not_attempted,https://www.cms.gov/medicare/payment/prospective-payment-systems/home-health,none,"[""ZIP"", ""CSV"", ""PDF""]",1970-01-01T00:00:00Z,B0 catalogue identity; presence does not imply acquisition or coverage.,public_reuse_review,us_cms_home_health,catalog_us_cms_home_health
not_attempted,https://www.cms.gov/medicare/payment/prospective-payment-systems/hospice,none,"[""PDF"", ""ZIP"", ""CSV""]",1970-01-01T00:00:00Z,B0 catalogue identity; presence does not imply acquisition or coverage.,public_reuse_review,us_cms_hospice,catalog_us_cms_hospice
not_attempted,https://www.cms.gov/medicare/payment/prospective-payment-systems/acute-inpatient-pps,none,"[""ZIP"", ""CSV"", ""PDF""]",1970-01-01T00:00:00Z,B0 catalogue identity; presence does not imply acquisition or coverage.,public_reuse_review,us_cms_ipps,catalog_us_cms_ipps
not_attempted,https://www.cms.gov/medicare-coverage-database/,none,"[""HTML"", ""API-like search""]",1970-01-01T00:00:00Z,B0 catalogue identity; presence does not imply acquisition or coverage.,public_reuse_review,us_cms_mcd,catalog_us_cms_mcd
not_attempted,https://www.cms.gov/medicare/payment/prospective-payment-systems/hospital-outpatient,none,"[""ZIP"", ""CSV""]",1970-01-01T00:00:00Z,B0 catalogue identity; presence does not imply acquisition or coverage.,public_reuse_review,us_cms_opps,catalog_us_cms_opps
not_attempted,https://data.cms.gov/provider-summary-by-type-of-service/medicare-part-d-prescribers,none,"[""CSV"", ""API""]",1970-01-01T00:00:00Z,B0 catalogue identity; presence does not imply acquisition or coverage.,public_reuse_review,us_cms_partd_puf,catalog_us_cms_partd_puf
not_attempted,https://www.cms.gov/medicare/physician-fee-schedule,none,"[""ZIP"", ""CSV"", ""RVUDB""]",1970-01-01T00:00:00Z,B0 catalogue identity; presence does not imply acquisition or coverage.,restricted_local_only,us_cms_pfs,catalog_us_cms_pfs
not_attempted,https://www.cms.gov/medicare/payment/prospective-payment-systems/skilled-nursing-facility-snf,none,"[""ZIP"", ""CSV"", ""PDF""]",1970-01-01T00:00:00Z,B0 catalogue identity; presence does not imply acquisition or coverage.,public_reuse_review,us_cms_snf,catalog_us_cms_snf
not_attempted,https://open.fda.gov/apis/device/classification/,none,"[""openFDA JSON API""]",1970-01-01T00:00:00Z,B0 catalogue identity; presence does not imply acquisition or coverage.,public_reuse_review,us_fda_device_classification,catalog_us_fda_device_classification
not_attempted,https://www.medicaid.gov/,none,"[""PDF"", ""HTML"", ""CSV varies""]",1970-01-01T00:00:00Z,B0 catalogue identity; presence does not imply acquisition or coverage.,public_reuse_review,us_medicaid_state_fees,catalog_us_medicaid_state_fees
not_attempted,https://www.who.int/data/gho,none,"[""API"", ""CSV""]",1970-01-01T00:00:00Z,B0 catalogue identity; presence does not imply acquisition or coverage.,public_reuse_review,who_gho,catalog_who_gho
not_attempted,https://www.health.gov.za/,none,"[""PDF"", ""XLSX""]",1970-01-01T00:00:00Z,B0 catalogue identity; presence does not imply acquisition or coverage.,public_reuse_review,za_upfs,catalog_za_upfs
