attempted_at,bytes_downloaded,command,error_summary,exit_code,id,method,source_file_id,status,target_path
2026-08-01T03:31:59.127116+00:00,5827871,curl -L --fail --retry 5 --retry-all-errors --connect-timeout 20 --max-time 60 --create-dirs --dump-header [ignored-local-raw-cache]/au_mbs/20260701_MBSONLINE_IMAP.TXT.headers --etag-save [ignored-local-raw-cache]/au_mbs/20260701_MBSONLINE_IMAP.TXT.etag --etag-compare [ignored-local-raw-cache]/au_mbs/20260701_MBSONLINE_IMAP.TXT.etag -o [ignored-local-raw-cache]/au_mbs/20260701_MBSONLINE_IMAP.TXT https://www.mbsonline.gov.au/internet/mbsonline/publishing.nsf/650f3eec0dfb990d3ca25692100069854/1bc94358d4f276d3ca257ccf0000aa73/%24FILE/20260701_MBSONLINE_IMAP.TXT,Downloaded to ignored local raw storage.,0,attempt_au_mbs_20260701_imap_txt_8386faba5d,curl,au_mbs_20260701_imap_txt,downloaded,[ignored-local-raw-cache]/au_mbs/20260701_MBSONLINE_IMAP.TXT
2026-08-01T03:31:59.812363+00:00,8580935,curl -L --fail --retry 5 --retry-all-errors --connect-timeout 20 --max-time 60 --create-dirs --dump-header [ignored-local-raw-cache]/au_mbs/20260701_MBSONLINE_DESC.TXT.headers --etag-save [ignored-local-raw-cache]/au_mbs/20260701_MBSONLINE_DESC.TXT.etag --etag-compare [ignored-local-raw-cache]/au_mbs/20260701_MBSONLINE_DESC.TXT.etag -o [ignored-local-raw-cache]/au_mbs/20260701_MBSONLINE_DESC.TXT https://www.mbsonline.gov.au/internet/mbsonline/publishing.nsf/650f3eec0dfb990d3ca25692100069854/1bc94358d4f276d3ca257ccf0000aa73/%24FILE/20260701_MBSONLINE_DESC.TXT,Downloaded to ignored local raw storage.,0,attempt_au_mbs_20260701_desc_txt_0d3e054d57,curl,au_mbs_20260701_desc_txt,downloaded,[ignored-local-raw-cache]/au_mbs/20260701_MBSONLINE_DESC.TXT
2026-08-01T03:31:59.893162+00:00,8291891,curl -L --fail --retry 5 --retry-all-errors --connect-timeout 20 --max-time 60 --create-dirs --dump-header [ignored-local-raw-cache]/au_mbs/MBS-XML-20260701.XML.headers --etag-save [ignored-local-raw-cache]/au_mbs/MBS-XML-20260701.XML.etag --etag-compare [ignored-local-raw-cache]/au_mbs/MBS-XML-20260701.XML.etag -o [ignored-local-raw-cache]/au_mbs/MBS-XML-20260701.XML 'https://www.mbsonline.gov.au/internet/mbsonline/publishing.nsf/650f3eec0dfb990d3ca25692100069854/d4bd04ca56657072ca258df70023b066/$FILE/MBS-XML-20260701.XML',Downloaded to ignored local raw storage.,0,attempt_au_mbs_20260701_xml_f500ceb07f,curl,au_mbs_20260701_xml,downloaded,[ignored-local-raw-cache]/au_mbs/MBS-XML-20260701.XML
2026-08-01T03:32:00.006676+00:00,0,mkdir -p [ignored-local-raw-cache]/au_mbs && curl -L --fail --retry 5 --retry-all-errors --connect-timeout 20 --max-time 180 --create-dirs --dump-header [ignored-local-raw-cache]/au_mbs/MBSOnline-2010.headers --etag-save [ignored-local-raw-cache]/au_mbs/MBSOnline-2010.etag --etag-compare [ignored-local-raw-cache]/au_mbs/MBSOnline-2010.etag -o [ignored-local-raw-cache]/au_mbs/MBSOnline-2010 https://www.mbsonline.gov.au/internet/mbsonline/publishing.nsf/Content/MBSOnline-2010,"Metadata-only, landing-page or licence-gated record; do not auto-download.",,attempt_au_mbs_2010_2019_downloads_page_144af73d71,curl,au_mbs_2010_2019_downloads_page,skipped_licence_gate,[ignored-local-raw-cache]/au_mbs/MBSOnline-2010
2026-08-01T03:32:00.007208+00:00,0,mkdir -p [ignored-local-raw-cache]/au_mbs && curl -L --fail --retry 5 --retry-all-errors --connect-timeout 20 --max-time 180 --create-dirs --dump-header [ignored-local-raw-cache]/au_mbs/Prev-Downloads.headers --etag-save [ignored-local-raw-cache]/au_mbs/Prev-Downloads.etag --etag-compare [ignored-local-raw-cache]/au_mbs/Prev-Downloads.etag -o [ignored-local-raw-cache]/au_mbs/Prev-Downloads https://www.mbsonline.gov.au/internet/mbsonline/publishing.nsf/Content/Prev-Downloads,"Metadata-only, landing-page or licence-gated record; do not auto-download.",,attempt_au_mbs_1989_2010_previous_downloads_page_7f9d7a3271,curl,au_mbs_1989_2010_previous_downloads_page,skipped_licence_gate,[ignored-local-raw-cache]/au_mbs/Prev-Downloads
2026-08-01T03:32:00.007551+00:00,0,mkdir -p [ignored-local-raw-cache]/us_cms_clfs && curl -L --fail --retry 5 --retry-all-errors --connect-timeout 20 --max-time 180 --create-dirs --dump-header [ignored-local-raw-cache]/us_cms_clfs/26CLABQ3_landing_page.headers --etag-save [ignored-local-raw-cache]/us_cms_clfs/26CLABQ3_landing_page.etag --etag-compare [ignored-local-raw-cache]/us_cms_clfs/26CLABQ3_landing_page.etag -o [ignored-local-raw-cache]/us_cms_clfs/26CLABQ3_landing_page https://www.cms.gov/medicare/payment/fee-schedules/clinical-laboratory-fee-schedule-clfs/files/26clabq3,"Metadata-only, landing-page or licence-gated record; do not auto-download.",,attempt_us_cms_clfs_26clabq3_page_885344d911,curl,us_cms_clfs_26clabq3_page,skipped_licence_gate,[ignored-local-raw-cache]/us_cms_clfs/26CLABQ3_landing_page
2026-08-01T03:32:00.008199+00:00,0,mkdir -p [ignored-local-raw-cache]/us_cms_clfs && curl -L --fail --retry 5 --retry-all-errors --connect-timeout 20 --max-time 180 --create-dirs --dump-header [ignored-local-raw-cache]/us_cms_clfs/26clabq3.zip.headers --etag-save [ignored-local-raw-cache]/us_cms_clfs/26clabq3.zip.etag --etag-compare [ignored-local-raw-cache]/us_cms_clfs/26clabq3.zip.etag -o [ignored-local-raw-cache]/us_cms_clfs/26clabq3.zip 'https://www.cms.gov/license/ama?file=/files/zip/26clabq3.zip',"Metadata-only, landing-page or licence-gated record; do not auto-download.",,attempt_us_cms_clfs_26clabq3_ama_zip_01cc8b6221,curl,us_cms_clfs_26clabq3_ama_zip,skipped_licence_gate,[ignored-local-raw-cache]/us_cms_clfs/26clabq3.zip
2026-08-01T03:32:00.008438+00:00,0,mkdir -p [ignored-local-raw-cache]/au_pbs && curl -L --fail --retry 5 --retry-all-errors --connect-timeout 20 --max-time 180 --create-dirs --dump-header [ignored-local-raw-cache]/au_pbs/pbs_v3_schedules.json.headers --etag-save [ignored-local-raw-cache]/au_pbs/pbs_v3_schedules.json.etag --etag-compare [ignored-local-raw-cache]/au_pbs/pbs_v3_schedules.json.etag --header 'Accept: application/json' -o [ignored-local-raw-cache]/au_pbs/pbs_v3_schedules.json https://data-api.health.gov.au/pbs/api/v3/schedules,Credential absent; existing local dataset retained at [ignored-local-raw-cache]/au_pbs/pbs_v3_schedules.json. API refresh remains available when the credential is supplied.,,attempt_au_pbs_api_v3_documentation_e7d941a57a,manual,au_pbs_api_v3_documentation,local_cache_available,[ignored-local-raw-cache]/au_pbs/pbs_v3_schedules.json
2026-08-01T03:32:00.009022+00:00,0,mkdir -p [ignored-local-raw-cache]/au_pbs && curl -L --fail --retry 5 --retry-all-errors --connect-timeout 20 --max-time 180 --create-dirs --dump-header [ignored-local-raw-cache]/au_pbs/PBS_API_CSV_files_ZIP_discover_from_page.headers --etag-save [ignored-local-raw-cache]/au_pbs/PBS_API_CSV_files_ZIP_discover_from_page.etag --etag-compare [ignored-local-raw-cache]/au_pbs/PBS_API_CSV_files_ZIP_discover_from_page.etag -o [ignored-local-raw-cache]/au_pbs/PBS_API_CSV_files_ZIP_discover_from_page https://www.pbs.gov.au/info/browse/download,"Metadata-only, landing-page or licence-gated record; do not auto-download.",,attempt_au_pbs_api_csv_download_page_2e7dcb3185,curl,au_pbs_api_csv_download_page,skipped_licence_gate,[ignored-local-raw-cache]/au_pbs/PBS_API_CSV_files_ZIP_discover_from_page
2026-08-01T03:32:00.009226+00:00,0,mkdir -p [ignored-local-raw-cache]/us_cms_asp && curl -L --fail --retry 5 --retry-all-errors --connect-timeout 20 --max-time 180 --create-dirs --dump-header [ignored-local-raw-cache]/us_cms_asp/July_2026_ASP_payment-limit_files.headers --etag-save [ignored-local-raw-cache]/us_cms_asp/July_2026_ASP_payment-limit_files.etag --etag-compare [ignored-local-raw-cache]/us_cms_asp/July_2026_ASP_payment-limit_files.etag -o [ignored-local-raw-cache]/us_cms_asp/July_2026_ASP_payment-limit_files https://www.cms.gov/medicare/payment/part-b-drugs/asp-pricing-files,"Metadata-only, landing-page or licence-gated record; do not auto-download.",,attempt_us_cms_asp_july_2026_payment_limit_page_e191b300b5,curl,us_cms_asp_july_2026_payment_limit_page,skipped_licence_gate,[ignored-local-raw-cache]/us_cms_asp/July_2026_ASP_payment-limit_files
2026-08-01T03:32:00.009457+00:00,0,mkdir -p [ignored-local-raw-cache]/us_cms_pfs && curl -L --fail --retry 5 --retry-all-errors --connect-timeout 20 --max-time 180 --create-dirs --dump-header [ignored-local-raw-cache]/us_cms_pfs/RVU26C_relative_value_files.headers --etag-save [ignored-local-raw-cache]/us_cms_pfs/RVU26C_relative_value_files.etag --etag-compare [ignored-local-raw-cache]/us_cms_pfs/RVU26C_relative_value_files.etag -o [ignored-local-raw-cache]/us_cms_pfs/RVU26C_relative_value_files https://www.cms.gov/medicare/payment/fee-schedules/physician/pfs-relative-value-files,"Metadata-only, landing-page or licence-gated record; do not auto-download.",,attempt_us_cms_pfs_rvu26c_page_a2891697e9,curl,us_cms_pfs_rvu26c_page,skipped_licence_gate,[ignored-local-raw-cache]/us_cms_pfs/RVU26C_relative_value_files
