added_columns,id,left_checksum_sha256,left_label,left_path,left_row_count,recommended_action,removed_columns,right_checksum_sha256,right_label,right_path,right_row_count,row_count_delta,row_count_delta_pct,status
[],source_drift_source_registry_jsonl_to_source_registry_csv,4ee107f5f451d2e7149f534c8a2ba5b7a6ce22ec32d54fd13048561512c63ab8,source_registry_jsonl,data/seed/source_registry.jsonl,64,No schema or row-count drift detected.,[],cce859d01499dba3cd2338bc17b87028274489ce5f22064ef12fb735546b7df3,source_registry_csv,data/seed/source_registry.csv,64,0,0.0,pass
[],source_drift_dataset_candidates_jsonl_to_dataset_candidates_csv,0cd45a3fb48d7bb782a3c2294c2243489deb65f40e6262751bf7e530d6c7e67b,dataset_candidates_jsonl,data/seed/dataset_candidates.jsonl,15,No schema or row-count drift detected.,[],b9f70b57d82529854efc4bb32ac64e7a1190a35c660e144c4aca4f9612bb8d68,dataset_candidates_csv,data/seed/dataset_candidates.csv,15,0,0.0,pass
[],source_drift_research_questions_jsonl_to_research_questions_csv,33c3fe815ba6f5e8f8a7d37027f9683a7de2206a20faa6620d70823e0a5b56bf,research_questions_jsonl,data/seed/research_questions.jsonl,5,No schema or row-count drift detected.,[],a470bef54b603b7ae5d5624c4bf3684143ff48793c5bae028181fce8bc0a20c9,research_questions_csv,data/seed/research_questions.csv,5,0,0.0,pass
[],source_drift_roadmap_functions_jsonl_to_roadmap_functions_csv,7ac83941b9b4a1522a5b720d6f0ac9defcb086b5ac1db0962e014df10f6cc01c,roadmap_functions_jsonl,data/seed/roadmap_functions.jsonl,45,No schema or row-count drift detected.,[],7cdb19eca1ae869c1cb523ac6e6f8fae6c587669910236d4fe59dc6d8519c3ff,roadmap_functions_csv,data/seed/roadmap_functions.csv,45,0,0.0,pass
[],source_drift_source_validation_jsonl_to_source_validation_csv,0f39bea55f814cda5ec5ace227383aa499aefea128db12d6cc46b841e3c64adf,source_validation_jsonl,data/derived/source_validation/source_content_validation.jsonl,11,No schema or row-count drift detected.,[],fa738970bd28a81ba945e03094b082b298c50287b9967cd5aee119e615e28cb0,source_validation_csv,data/derived/source_validation/source_content_validation.csv,11,0,0.0,pass
[],source_drift_data_quality_jsonl_to_data_quality_csv,a900f433e3e4bf5d08be97936b8b2fc97a56d34b2e6dbb3bf5ec3f42e810d5a2,data_quality_jsonl,data/derived/data_quality/data_quality_checks.jsonl,43,No schema or row-count drift detected.,[],3fc52f283e4a86c47ac18163806c66630fc14c0107dfc516ab7f5cbbf4b80ca4,data_quality_csv,data/derived/data_quality/data_quality_checks.csv,43,0,0.0,pass
[],source_drift_source_contracts_jsonl_to_source_contracts_csv,15206941622d0cbb34aee92d50b7b0ce1901342122c33f07134f646687aba894,source_contracts_jsonl,data/derived/source_contracts/source_contract_validation.jsonl,11,No schema or row-count drift detected.,[],35299169bd7fae693016c36b0ea0ae6f3e2cc57eb72aa5c066262b8be45653e4,source_contracts_csv,data/derived/source_contracts/source_contract_validation.csv,11,0,0.0,pass
[],source_drift_github_project_jsonl_to_github_project_csv,fb444bf4ae46d9cc7900ddf938161c02e742f125a65c0b5c4242764304bf924b,github_project_jsonl,data/derived/github_project/github_project_items.jsonl,265,No schema or row-count drift detected.,[],d2fd7c0f001b3cbf045934ace0f7eff11dfa50a3402c3d92b0e1e244705b94c2,github_project_csv,data/derived/github_project/github_project_items.csv,265,0,0.0,pass
[],source_drift_final_handoff_jsonl_to_final_handoff_csv,58c193d6695f7d9cc87ad6e9d7562d54078e8f9b0bdf2c641cf48836e33e7539,final_handoff_jsonl,data/derived/final_handoff/final_handoff_tasks.jsonl,11,No schema or row-count drift detected.,[],99fcdfb26834a045c5b40728523ffeba39f414979c463583d88a730ecedbb52e,final_handoff_csv,data/derived/final_handoff/final_handoff_tasks.csv,11,0,0.0,pass
